action,group,package,what_it_is,if_removed_you_lose,notes
remove,13s Plus Key / Plus Mind & AI,com.google.android.aicore,Gemini Nano,Offline AI: on-device smart replies/summaries,personal choice
remove,Accessibility,com.android.systemui.accessibility.accessibilitymenu,Big on-screen accessibility menu,Accessibility menu,
remove,Accessibility,com.google.android.accessibility.switchaccess,Control the phone with external switches,Switch Access,
remove,Accessibility,com.google.android.marvin.talkback,TalkBack screen reader for blind users,TalkBack,
remove,Ads & Google data services,com.google.android.adservices.api,Android Privacy Sandbox ad measurement,Nothing visible; ads still show in apps,
remove,Ads & Google data services,com.google.android.federatedcompute,Trains Google models on-device from your usage,Nothing visible,
remove,Ads & Google data services,com.google.android.odad,Google Play Protect 'on-device abuse detection' helper,Nothing visible; Play Protect itself stays,
remove,Ads & Google data services,com.google.android.ondevicepersonalization.services,On-device ad/content personalization,Nothing visible,
remove,Ads & Google data services,com.google.mainline.adservices,Ad services system module,Nothing visible,
remove,Ads & Google data services,com.oplus.contentportal,OnePlus content recommendation portal,Nothing visible,
remove,Ads & Google data services,com.oplus.ndsf,OnePlus/HeyTap account data service,Nothing visible,
remove,"Carrier, SIM & regional",android.autoinstalls.config.oneplus,List of apps to auto-install on setup,Nothing,
remove,"Carrier, SIM & regional",com.android.carrierdefaultapp,Carrier 'out of data / top up' captive portal,Carrier top-up popup,
remove,"Carrier, SIM & regional",com.android.email.partnerprovider,Carrier email presets,Nothing,
remove,"Carrier, SIM & regional",com.android.providers.partnerbookmarks,Carrier browser bookmarks,Nothing,
remove,"Carrier, SIM & regional",com.android.simappdialog,Prompt to install your carrier's app when you insert a SIM,That prompt,
remove,"Carrier, SIM & regional",com.mediatek.omacp,Receives carrier config messages (MMS/APN settings by SMS),Auto APN setup by SMS (rarely used),
remove,"Carrier, SIM & regional",com.oplus.aicall,AI call assistant (other regions),AI call features,
remove,"Carrier, SIM & regional",com.oplus.beaconlink,'No-network calls' between nearby OnePlus phones,Off-grid calling,
remove,"Carrier, SIM & regional",com.oplus.cota,Carrier customisation updates,Nothing visible,
remove,"Carrier, SIM & regional",com.oplus.eid,China electronic ID service,Nothing outside China,
remove,"Carrier, SIM & regional",com.oplus.virtualcomm,Virtual SIM / call sharing between OnePlus devices,Taking calls on another OnePlus device,
remove,"Carrier, SIM & regional",com.oplus.virtualcomm2,Second part of the above,Same,
remove,"Carrier, SIM & regional",com.redteamobile.roaming,Sells travel roaming data plans (already disabled),Roaming data shop,
remove,"Carrier, SIM & regional",com.wapi.wapicertmanage,China-only WAPI Wi-Fi certificates,Nothing outside China,
remove,Factory & test tools,com.android.cts.ctsshim,Google certification test stub,Nothing,
remove,Factory & test tools,com.android.devicediagnostics,Device diagnostics tool,Built-in hardware diagnostics,
remove,Factory & test tools,com.android.egg,Android version easter egg (tap version number),The easter egg,
remove,Factory & test tools,com.android.microdroid.empty_payload,Virtual machine test payload,Nothing,
remove,Factory & test tools,com.android.virtualmachine.res,Android virtual machine resources,Nothing visible,
remove,Factory & test tools,com.oplus.bttestmode,Factory Bluetooth test,Nothing for normal use,
remove,Factory & test tools,com.oplus.engineercamera,Factory camera test,Nothing for normal use,
remove,Factory & test tools,com.oplus.engineermode,Hidden factory test menu (*#808#),Factory test menu,
remove,Factory & test tools,com.oplus.engineernetwork,Factory network test,Nothing for normal use,
remove,Factory & test tools,com.oplus.nfcengineertest,Factory NFC test,Nothing for normal use; NFC payments still work,
remove,From your phone (not in author's list),com.android.contacts,OnePlus Contacts + OnePlus Phone app,OnePlus dialer/contacts; set Google Phone + Contacts as default first,personal choice
remove,From your phone (not in author's list),com.android.incallui,OnePlus in-call screen,Google Phone uses its own call screen,
remove,From your phone (not in author's list),com.android.virtualization.terminal,Linux terminal (already disabled),Nothing,
remove,From your phone (not in author's list),com.google.android.apps.nbu.paisa.user,Google Pay India (already disabled),Nothing,
remove,From your phone (not in author's list),com.google.android.videos,Google TV (already disabled),Nothing,
remove,From your phone (not in author's list),com.oneplus.backuprestore,Clone Phone (move data to a new phone),Clone Phone; reinstall from Play Store,personal choice
remove,From your phone (not in author's list),com.oneplus.deskclock,OnePlus Clock (already disabled),OnePlus Clock; install Google Clock,
remove,From your phone (not in author's list),com.oneplus.filemanager,OnePlus File Manager,OnePlus Files; use Google Files,personal choice
remove,From your phone (not in author's list),com.oplus.blacklistapp,OnePlus call/SMS blocking,OnePlus block list; Google Phone has its own,
remove,From your phone (not in author's list),com.oplus.callrecorder,OnePlus call recording (works in the OnePlus dialer),OnePlus call recording,
remove,From your phone (not in author's list),com.oplus.contacts.system.contacts.overlay,OnePlus contacts config,Nothing,
remove,From your phone (not in author's list),com.oplus.overlay.comms.contact,OnePlus contacts config,Nothing,
remove,From your phone (not in author's list),com.oplus.overlay.comms.dialer,OnePlus dialer config,Nothing,
remove,From your phone (not in author's list),com.oplus.phonenoareainquire,Shows caller's region (China numbers),Nothing outside China,
remove,From your phone (not in author's list),com.ted.number,Caller ID / number lookup (China),Nothing outside China,
remove,Google apps & features,com.android.avatarpicker,Pick an avatar picture for users,Nothing,
remove,Google apps & features,com.android.bluetoothmidiservice,Bluetooth MIDI instruments,Bluetooth music keyboards,
remove,Google apps & features,com.android.bookmarkprovider,Old bookmarks provider,Nothing,
remove,Google apps & features,com.android.role.notes.enabled,Stylus 'notes' role,Nothing,
remove,Google apps & features,com.google.ambient.streaming,Stream apps to other devices (Chromebook),App streaming to Chromebook,
remove,Google apps & features,com.google.android.apps.tachyon,Google Meet / Duo (already disabled),Meet app,
remove,Google apps & features,com.google.android.gms.supervision,Family Link parent supervision (already disabled),Family Link on this phone,
remove,Google apps & features,com.google.android.printservice.recommendation,Suggests printer plugins,Nothing; installed printer plugins stay,
remove,Look & feel,com.android.dreams.basic,Basic screensaver while charging,Screensaver,
remove,Look & feel,com.android.ncm.overlay.common,Config overlay,Nothing,
remove,Look & feel,com.android.systemui.overlay.common,System UI config overlay,Author tested fine,
remove,Look & feel,com.android.theme.font.notoserifsource,An extra serif font option,That font,
remove,Look & feel,com.gms.android.ncm.overlay.common,Config overlay,Nothing,
remove,Look & feel,com.google.android.overlay.gmsconfig.asi,Google config overlay,Nothing,
remove,Look & feel,com.google.android.overlay.gmsconfig.gsa,Google app config overlay,Nothing,
remove,Look & feel,com.google.android.overlay.modules.permissioncontroller,Config for permission screens,Author tested fine,
remove,Look & feel,com.oplus.android.overlay.gmsconfig.common,Google config overlay,Nothing,
remove,OnePlus apps & features,com.coloros.accessibilityassistant,OnePlus accessibility helper,Nothing visible,
remove,OnePlus apps & features,com.coloros.childrenspace,Kids Space,Kids Space,
remove,OnePlus apps & features,com.coloros.colordirectservice,Text recognition / stylus shortcut service,Some long-press text tools; author tested fine,
remove,OnePlus apps & features,com.coloros.floatassistant,Floating ball / assistive ball,Floating ball,
remove,OnePlus apps & features,com.coloros.scenemode,Scene modes (driving/meeting automations),Scene modes,
remove,OnePlus apps & features,com.coloros.sceneservice,Engine behind scene modes,Scene modes,
remove,OnePlus apps & features,com.coloros.smartsidebar,Smart Sidebar (swipe-in app shelf),Smart Sidebar,
remove,OnePlus apps & features,com.coloros.video,OnePlus video player,Use Photos / VLC,
remove,OnePlus apps & features,com.heytap.browser,OnePlus browser (already disabled),Nothing,
remove,OnePlus apps & features,com.heytap.mcs,"OnePlus push messages (promos, OnePlus app notifications)",OnePlus promo notifications,
remove,OnePlus apps & features,com.heytap.pictorial,Lock-screen magazine (rotating wallpapers),Lock-screen magazine,
remove,OnePlus apps & features,com.oneplus.calculator,OnePlus Calculator,OnePlus Calculator; use Google Calculator,
remove,OnePlus apps & features,com.oneplus.colorx,OnePlus helper app (exact role unclear),Author tested fine,
remove,OnePlus apps & features,com.oneplus.membership,OnePlus Store / Red Cable Club,OnePlus Store app,
remove,OnePlus apps & features,com.oplus.ambient.livealert,Live sports score cards/widgets,"Live sports cards; if the Live Alerts pill breaks, restore this first",
remove,OnePlus apps & features,com.oplus.dfs,Distributed file service (browse phone files from other OnePlus devices),Cross-device file browsing; restore if file sharing breaks,
remove,OnePlus apps & features,com.oplus.encryption,Private Safe (hidden locked files),Private Safe; empty it first if used,
remove,OnePlus apps & features,com.oplus.healthservice,OnePlus health data service,OnePlus health data,
remove,OnePlus apps & features,com.oplus.omoji,Omoji avatars,Omoji,
remove,OnePlus apps & features,com.oplus.riderMode,"Rider Mode (motorbike: blocks calls, auto-reply)",Rider Mode,
remove,OnePlus apps & features,com.oplus.securepay,Payment protection (secure mode for banking apps),That shield; banking apps still work,
remove,OnePlus apps & features,com.oplus.securityguard,Anti-fraud scanner (scam app/call warnings),OnePlus scam warnings; Google Play Protect stays,
remove,OnePlus apps & features,com.oplus.stdsp,App install screening / app detail pages,Extra install warnings,
remove,OnePlus apps & features,com.oplus.tai.borderpresearch,Screen-edge research/AI service,Nothing visible,
remove,OnePlus apps & features,com.oppo.quicksearchbox,OnePlus global search (swipe down on home screen),Home-screen swipe search; Google search widget still works,
remove,OnePlus preinstalled apps (uninstallable),com.coloros.translate,OnePlus Translate,Translate app; use Google Translate,reinstall from Play Store / App Market
remove,OnePlus preinstalled apps (uninstallable),com.oneplus.note,OnePlus Notes,Notes saved only in OnePlus Notes are deleted; export or sync first,reinstall from Play Store / App Market
remove,Preinstalled Facebook / Microsoft helpers,com.facebook.appmanager,Facebook's background installer/updater,Nothing; Facebook/Instagram update from Play Store,
remove,Preinstalled Facebook / Microsoft helpers,com.facebook.services,Facebook background services,Nothing,
remove,Preinstalled Facebook / Microsoft helpers,com.facebook.system,Facebook system installer,Nothing,
remove,Preinstalled Facebook / Microsoft helpers,com.microsoft.appmanager,Link to Windows (Phone Link),Phone Link with a Windows PC,
remove,Preinstalled Facebook / Microsoft helpers,com.microsoft.deviceintegrationservice,Link to Windows helper,Same,
remove,Preinstalled Facebook / Microsoft helpers,com.microsoftsdk.crossdeviceservicebroker,Link to Windows helper,Same,
remove,Qualcomm chip extras,com.qti.dcf,Qualcomm data collection framework,Nothing visible,
remove,Qualcomm chip extras,com.qualcomm.atfwd,AT command forwarding (factory/modem tools),Nothing for normal use,
remove,Qualcomm chip extras,com.qualcomm.qti.powersavemode,Qualcomm extra power-save hooks,Nothing visible; OnePlus battery saver stays,
remove,Qualcomm chip extras,com.qualcomm.qti.uimGbaApp,SIM authentication for some carrier services,Rare carrier features,
remove,Qualcomm chip extras,com.qualcomm.qti.xrcb,Qualcomm VR/XR support,VR headset features,
remove,Qualcomm chip extras,com.qualcomm.qti.xrvd.service,Qualcomm XR video service,VR headset features,
remove,Qualcomm chip extras,com.qualcomm.uimremoteclient,Remote SIM (use SIM from another device),Remote SIM,
remove,Qualcomm chip extras,com.qualcomm.uimremoteserver,Remote SIM server side,Remote SIM,
remove,Qualcomm chip extras,vendor.qti.data.txpwradmin,Qualcomm transmit power admin,Nothing visible,
remove,Setup & backup,com.android.backupconfirm,'Confirm backup' screen for adb backup,Nothing,
remove,Setup & backup,com.android.calllogbackup,Backs up call history to Google,Call log not in Google backup,
remove,Setup & backup,com.android.managedprovisioning,Sets up work profiles / company-managed phones,Can't add a work profile,
remove,Setup & backup,com.android.wallpaperbackup,Backs up wallpaper to Google,Wallpaper not in Google backup,
remove,Setup & backup,com.coloros.activation,Warranty / device activation registration,Nothing,
remove,Setup & backup,com.coloros.operationManual,Built-in user manual,The manual,
remove,Setup & backup,com.google.android.apps.restore,Restore from old phone during setup,Same as setup wizard,
remove,Setup & backup,com.google.android.apps.setupwizard.searchselector,'Choose your search engine' screen at setup,Same,
remove,Setup & backup,com.google.android.apps.work.clouddpc,Android Device Policy (company device management),Same,
remove,Setup & backup,com.google.android.onetimeinitializer,Runs once after first boot,Nothing,
remove,Setup & backup,com.google.android.partnersetup,Google partner setup,Same,
remove,Setup & backup,com.google.android.setupwizard,Google first-boot setup screens,"Nothing until a factory reset, which brings it back",
remove,Setup & backup,com.oplus.apprecover,Reinstall preinstalled apps you deleted,Re-install from Play Store instead,
remove,Setup & backup,com.oplus.customize.coreapp,OnePlus customisation app (already disabled),Nothing,
remove,Setup & backup,com.oplus.sauhelper,Helper for OnePlus system-app updates outside OTA,Some OnePlus apps may update only with OTA,
remove,Setup & backup,com.oplus.upgradeguide,'What's new' screens after updates,Those screens; updates still work,
remove,Setup & backup,com.oplus.wifibackuprestore,Backs up Wi-Fi passwords for OnePlus Clone Phone,Wi-Fi passwords not carried over,
remove,Tracking & telemetry,com.android.traceur,System tracing tool (Developer options > System tracing),System tracing in developer options,
remove,Tracking & telemetry,com.google.android.feedback,Google 'send feedback' crash reporter for preinstalled apps,Can't send crash reports to Google,
remove,Tracking & telemetry,com.google.mainline.telemetry,Google system-update telemetry,Nothing visible,
remove,Tracking & telemetry,com.oplus.lfeh,Data collection scanner (DCS),Nothing visible,
remove,Tracking & telemetry,com.oplus.logkit,OnePlus log collection tool,Nothing visible,
remove,Tracking & telemetry,com.oplus.obrain,'MIDAS' background analytics service,Nothing visible,
remove,Tracking & telemetry,com.oplus.onetrace,OnePlus system tracing/logging,Nothing visible,
remove,Tracking & telemetry,com.oplus.postmanservice,Remote diagnostics / log capture for service centres,Service centre remote diagnosis,
remove,Tracking & telemetry,com.oplus.powermonitor,Battery-usage reporter for OnePlus diagnostics,Nothing visible; Battery settings still work,
remove,Tracking & telemetry,com.oplus.qualityprotect,Quality/crash monitoring sent to OnePlus,Nothing visible,
remove,Tracking & telemetry,com.oplus.statistics.rom,OnePlus usage statistics collector,Nothing visible,
remove,Tracking & telemetry,com.qti.qcc,Qualcomm device management/analytics (QDMA),Nothing visible,
remove,Tracking & telemetry,com.qualcomm.qti.devicestatisticsservice,Qualcomm device statistics,Nothing visible,
disable,Disable only (easy to switch back on),com.android.DeviceAsWebcam,Use phone as a USB webcam,Webcam mode until re-enabled,
disable,Disable only (easy to switch back on),com.coloros.compass2,Compass + bubble level,Compass until re-enabled,
disable,Disable only (easy to switch back on),com.oplus.melody,OnePlus earbuds setup/settings,OnePlus Buds settings until re-enabled,
disable,From your phone (not in author's list),com.heytap.market,OnePlus App Market (already disabled),Nothing,can't be uninstalled (internal error); stays disabled
after,Look & feel,com.android.wallpaper.livepicker,Live wallpaper picker,Live wallpapers,pass 2: test after the first round
after,Qualcomm chip extras,com.qualcomm.qti.qms.service.trustzoneaccess,Qualcomm secure-zone helper for some carrier/DRM apps,Author tested fine; restore if a banking/DRM app complains,pass 2: test banking/DRM apps
after,Security,com.oplus.securitykeyboard,Secure keyboard that pops up for password fields,Gboard used for passwords instead,pass 2: test whether Gboard shows normally
keep,13s Plus Key / Plus Mind & AI,com.aiunit.aon,Air gestures + Screen Attention,-,
keep,13s Plus Key / Plus Mind & AI,com.android.hotwordenrollment.okgoogle,'Hey Google' voice training / hotword hook,-,personal choice
keep,13s Plus Key / Plus Mind & AI,com.android.hotwordenrollment.xgoogle,"Same, second variant",-,
keep,13s Plus Key / Plus Mind & AI,com.coloros.assistantscreen,Assistant shelf / cards; Plus Key uses it,-,
keep,13s Plus Key / Plus Mind & AI,com.coloros.ocrscanner,Screen text recognition,-,
keep,13s Plus Key / Plus Mind & AI,com.google.android.as,"Android System Intelligence (Circle to Search, Live Caption)",-,
keep,13s Plus Key / Plus Mind & AI,com.google.android.as.oss,Private Compute Services,-,
keep,13s Plus Key / Plus Mind & AI,com.oplus.aimemory,Mind Space (where Plus Mind saves things),-,
keep,13s Plus Key / Plus Mind & AI,com.oplus.android.overlay.aifunction.cicletosearch,Circle to Search config,-,
keep,13s Plus Key / Plus Mind & AI,com.oplus.android.overlay.aifunction.common,OnePlus AI config,-,
keep,13s Plus Key / Plus Mind & AI,com.oplus.deepthinker,AI context engine,-,
keep,13s Plus Key / Plus Mind & AI,com.oplus.metis,Plus Key uses it,-,
keep,13s Plus Key / Plus Mind & AI,com.oplus.smartengine,Smart suggestions engine,-,
keep,Can't be removed with adb,com.heytap.htms,OnePlus Mobile Services,-,author: errors
keep,Can't be removed with adb,com.oplus.aiunit,AI Service Engine (Plus Mind needs it),-,author: errors
keep,Can't be removed with adb,com.oplus.cosa,App Enhancement Services (Game Bar needs it),-,author: errors
keep,Casting & file sharing,com.heytap.accessory,Device connection + Find My for accessories,-,Share and My Devices depend on it
keep,Casting & file sharing,com.heytap.mydevices,My Devices,-,
keep,Casting & file sharing,com.oneplus.oshare,O+ Connect / Share,-,personal choice
keep,Casting & file sharing,com.oplus.cast,OnePlus screen cast,-,personal choice
keep,Casting & file sharing,com.oplus.dmp,App functions for cross-device,-,Share depends on it
keep,Casting & file sharing,com.oplus.linker,Cross-device manager + drag-and-drop,-,Share and My Devices depend on it
keep,Casting & file sharing,com.oplus.remotecontrol,Remote control / device control,-,My Devices depends on it
keep,Casting & file sharing,com.oplus.vdc,Virtual device connection (screen cast uses it),-,cast depends on it
keep,Casting & file sharing,com.qualcomm.wfd.service,Miracast / Wi-Fi Display to TVs,-,
keep,Disable only (easy to switch back on),com.oplus.multiapp,App Cloner (two WhatsApps etc.),App cloning until re-enabled,can't be disabled on 16.0.7+ firmware
keep,Google apps & features,com.android.bips,Built-in generic printer driver,Printing without a vendor plugin,personal choice
keep,Kept by choice,com.android.chrome,Chrome,-,personal choice
keep,Kept by choice,com.coloros.systemclone,System Cloner (second separate system),-,personal choice
keep,Kept by choice,com.coloros.weather.service,Weather data service behind the widget,-,
keep,Kept by choice,com.google.android.apps.wellbeing,"Digital Wellbeing, Bedtime, Focus",-,personal choice
keep,Kept by choice,com.google.android.projection.gearhead,Android Auto,-,personal choice
keep,Kept by choice,com.google.android.youtube,YouTube,-,personal choice
keep,Kept by choice,com.oplus.aiwriter,AI Writer,-,personal choice
keep,Kept by choice,com.oplus.games,Games + Game Bar,-,Game Bar; hard to restore per commenters
keep,Kept by choice,com.oplus.phonemanager,"Phone Manager (cleaner, permissions)",-,personal choice
keep,Kept by choice,net.oneplus.weather,OnePlus Weather,-,personal choice
keep,Look & feel,com.google.android.overlay.modules.captiveportallogin.forframework,Config for the hotel Wi-Fi login page,Author tested fine; restore if hotel Wi-Fi login stops popping up,personal choice
keep,Look & feel,com.oplus.audio.effectcenter,Sound effects / audio tuning,-,
keep,Look & feel,com.oplus.eyeprotect,Eye Comfort / night filter,-,
keep,Needed by your other apps,com.android.apps.tag,NFC tag reader,-,
keep,Needed by your other apps,com.android.cameraextensions,Night/portrait for third-party camera apps,-,third-party camera apps
keep,Needed by your other apps,com.android.printspooler,Print system,-,printer plugins
keep,Needed by your other apps,com.android.providers.downloads.ui,Downloads list,-,
keep,Needed by your other apps,com.android.stk,SIM Toolkit,-,carrier SIM menus
keep,Needed by your other apps,com.google.android.gms.location.history,Google Maps Timeline,-,
keep,Needed by your other apps,com.google.android.health.connect.backuprestore,Health Connect backup,-,
keep,Needed by your other apps,com.google.android.healthconnect.controller,Health Connect,-,fitness apps sync through it
keep,Needed by your other apps,com.google.android.overlay.modules.healthfitness.forframework,Health Connect config,-,
keep,Needed by your other apps,com.google.android.tts,Google text-to-speech,-,Maps voice directions
keep,Needed by your other apps,com.google.ar.core,Google Play Services for AR,-,Maps Live View
keep,Needed by your other apps,com.oplus.location,OnePlus location service,-,
keep,Needed by your other apps,com.oplus.locationproxy,OnePlus location proxy,-,
keep,Needed by your other apps,com.qualcomm.location,Qualcomm GPS assist,-,
keep,OnePlus account & cloud,com.heytap.cloud,OnePlus Cloud,-,
keep,OnePlus account & cloud,com.oneplus.account,OnePlus account,-,personal choice
keep,OnePlus preinstalled apps (uninstallable),andes.oplus.documentsreader,OnePlus document/PDF reader,-,personal choice
keep,OnePlus preinstalled apps (uninstallable),com.oneplus.brickmode,Zen Mode (focus lock),-,personal choice
keep,OnePlus preinstalled apps (uninstallable),com.oneplus.soundrecorder,OnePlus Recorder,-,personal choice
keep,OnePlus preinstalled apps (uninstallable),com.oplus.consumerIRApp,IR Remote (TV remote),-,personal choice
keep,OnePlus preinstalled apps (uninstallable),net.oneplus.forums,OnePlus Community,-,personal choice
keep,OnePlus preinstalled apps (uninstallable),net.oneplus.widget,OnePlus widgets,-,personal choice
keep,Safety & emergency,com.android.cellbroadcastreceiver,Emergency alerts,-,
keep,Safety & emergency,com.android.cellbroadcastreceiver.overlay.common,Emergency alerts config,-,
keep,Safety & emergency,com.android.emergency,Emergency info + SOS,-,
keep,Safety & emergency,com.android.safetycenter.styles.overlay,Safety center,-,
keep,Safety & emergency,com.google.android.apps.safetyhub,Personal Safety (crash detection),-,
keep,Safety & emergency,com.google.android.cellbroadcastreceiver,Emergency alerts (Google),-,
keep,Safety & emergency,com.google.android.cellbroadcastreceiver.overlay,Emergency alerts config,-,
keep,Safety & emergency,com.google.android.cellbroadcastservice,Emergency alerts service,-,
keep,Safety & emergency,com.google.android.cellbroadcastservice.overlay,Emergency alerts config,-,
keep,Safety & emergency,com.google.android.overlay.gmsconfig.personalsafety,Personal Safety config,-,
