t,n,cpu_user,cpu_sys,ram_used_mb,swap_used_mb
15:05:28,1,54.92,45.07,5160,3
15:05:30,2,61.75,38.24,5487,3
15:05:31,3,60.19,39.68,5676,0
15:05:32,4,60.74,39.01,6017,0
15:05:33,5,46.88,52.13,6211,0
15:05:34,6,50.61,48.77,6565,4
15:05:35,7,46.22,51.13,6894,5
15:05:36,8,37.18,60.87,7056,203
15:05:37,9,21.92,49.08,6888,586
15:05:38,10,19.58,21.30,6857,693
15:05:39,11,18.41,22.24,6880,760
15:05:40,12,7.59,8.59,6796,756
15:05:41,13,13.15,15.78,6874,834
15:05:42,14,1.99,3.23,6866,833
15:05:43,15,8.08,4.90,6856,842
15:05:44,16,5.68,4.32,6732,841
15:05:45,17,4.20,3.83,6725,845
15:05:46,18,7.36,6.25,6740,864
15:05:47,19,1.23,2.22,6742,866
15:05:48,20,2.10,3.10,6720,863
15:05:49,21,1.95,6.34,6690,868
15:05:50,22,2.58,3.20,6694,884
15:05:51,23,3.69,5.41,6641,883
15:05:52,24,10.42,29.65,4745,662
15:05:53,25,1.71,12.53,4765,661
15:05:54,26,1.35,3.07,4786,661
15:05:55,27,0.61,1.23,4790,661
15:05:56,28,3.19,3.43,4801,661
15:05:57,29,24.10,9.76,4641,572
15:05:58,30,1.94,4.74,4633,570
15:05:59,31,5.74,6.46,4635,569
15:06:00,32,2.04,4.56,4640,563
15:06:02,33,14.30,11.95,4686,548
15:06:03,34,7.94,9.77,4700,547
15:06:04,35,6.69,5.82,4746,547
15:06:05,36,5.55,6.81,4772,542
15:06:06,37,4.81,5.30,4797,541
15:06:07,38,0.61,2.08,4801,540
15:06:08,39,1.32,1.68,4806,540
15:06:09,40,1.45,3.76,4806,540
15:06:10,41,7.29,9.27,4809,539
15:06:11,42,1.82,2.30,4817,539
15:06:12,43,0.85,1.82,4821,538
15:06:13,44,2.66,3.38,4833,538
15:06:14,45,1.11,1.85,4828,538
15:06:15,46,8.24,7.74,4850,538
15:06:16,47,7.63,10.01,4833,539
15:06:17,48,1.44,2.77,4812,539
15:06:18,49,6.15,2.09,4826,538
15:06:19,50,0.97,3.54,4825,538
15:06:20,51,0.72,2.18,4828,538
15:06:21,52,9.34,9.22,4830,537
15:06:22,53,11.12,12.37,4837,537
15:06:23,54,1.10,3.43,4836,536
15:06:24,55,2.06,3.64,4849,536
15:06:25,56,6.05,7.31,4867,536
15:06:26,57,4.41,5.39,4888,536
15:06:27,58,4.63,7.31,4896,535
15:06:28,59,3.03,5.57,4912,534
15:06:29,60,1.59,3.18,4899,534
15:06:30,61,1.33,3.38,4899,534
15:06:32,62,2.06,3.27,4908,533
15:06:33,63,2.33,1.84,4897,532
15:06:34,64,1.20,1.69,4896,532
15:06:35,65,1.44,3.01,4896,532
15:06:36,66,7.22,16.38,4943,522
15:06:37,67,23.18,24.29,5218,510
15:06:38,68,1.96,3.30,5215,509
15:06:39,69,5.61,7.20,5140,506
15:06:40,70,1.58,3.17,5170,506
15:06:41,71,2.07,3.17,5177,506
15:06:42,72,5.94,5.32,5230,506
15:06:43,73,0.97,2.06,5234,506
15:06:44,74,3.61,4.58,5240,506
15:06:45,75,1.33,2.79,5244,506
15:06:46,76,1.82,2.43,5220,506
15:06:47,77,1.94,6.07,5084,518
15:06:48,78,1.09,1.09,5087,518
15:06:49,79,0.24,1.57,5086,518
15:06:50,80,0.24,1.33,5087,518
15:06:51,81,1.21,1.94,5084,518
15:06:52,82,3.43,3.06,5094,518
15:06:53,83,1.92,2.40,5093,518
15:06:54,84,0.72,1.57,5093,518
15:06:55,85,0.84,1.45,5098,518
15:06:56,86,1.20,1.92,5091,518
15:06:57,87,0.48,8.96,4950,671
15:06:58,88,0.24,13.26,4766,906
15:06:59,89,0.61,12.99,4634,1135
15:07:00,90,0.49,12.59,4404,1370
15:07:01,91,0.61,13.98,4206,1639
15:07:03,92,0.73,12.45,4040,1869
15:07:04,93,0.24,12.88,3882,2127
15:07:05,94,0.61,12.88,3716,2349
15:07:06,95,0.61,14.54,3742,2337
15:07:07,96,0.12,12.36,3749,2333
15:07:08,97,0.24,1.45,3747,2331
15:07:09,98,0.24,2.29,3749,2323
15:07:10,99,0.24,1.56,3749,2323
15:07:11,100,0.47,1.67,3752,2323
15:07:12,101,5.69,11.62,3869,2242
15:07:13,102,1.72,2.70,3891,2235
15:07:14,103,0.60,1.33,3893,2233
15:07:15,104,0.72,1.44,3898,2228
15:07:16,105,0.48,2.04,3905,2221
15:07:17,106,1.08,1.80,3910,2219
15:07:18,107,0.72,1.93,3915,2217
15:07:19,108,0.48,1.45,3921,2217
15:07:20,109,0.36,1.82,3902,2209
15:07:21,110,0.60,1.32,3906,2206
15:07:22,111,0.84,1.93,3910,2201
15:07:23,112,0.84,1.92,3912,2200
15:07:24,113,1.17,2.57,3912,2198
15:07:25,114,0.35,2.24,3913,2197
15:07:26,115,0.70,1.88,3924,2196
15:07:27,116,1.42,2.49,3926,2193
15:07:29,117,0.60,2.52,3923,2188
15:07:30,118,0.71,2.50,3926,2186
15:07:31,119,0.95,2.62,3935,2183
15:07:32,120,0.60,1.68,3934,2183
15:07:33,121,0.47,1.07,3935,2183
15:07:34,122,0.36,1.68,3931,2182
15:07:35,123,1.06,1.77,3930,2181
15:07:36,124,1.80,3.85,3935,2172
15:07:37,125,0.23,1.79,3935,2171
15:07:38,126,0.47,1.66,3935,2171
15:07:39,127,0.36,1.93,3937,2171
15:07:40,128,0.47,1.54,3937,2170
15:07:41,129,0.95,2.02,3937,2169
15:07:42,130,0.36,1.69,3944,2169
15:07:43,131,0.24,1.68,3945,2169
15:07:44,132,0.59,1.66,3945,2168
15:07:45,133,0.58,1.76,3945,2168
15:07:46,134,0.35,2.95,3939,2163
15:07:47,135,0.72,1.56,3941,2163
15:07:48,136,0.60,1.44,3941,2163
15:07:50,137,0.71,1.55,3941,2163
15:07:51,138,0.47,1.31,3951,2163
15:07:52,139,0.83,1.43,3951,2163
15:07:53,140,0.71,1.31,3951,2163
15:07:54,141,0.59,1.29,3951,2163
15:07:55,142,0.35,1.66,3951,2163
15:07:56,143,0.23,1.31,3951,2162
15:07:57,144,7.90,12.45,4124,2036
15:07:58,145,4.57,3.85,4148,2028
15:07:59,146,3.50,3.14,4164,2020
15:08:00,147,3.83,2.63,4175,2019
15:08:01,148,4.83,4.21,4172,2010
15:08:02,149,2.68,4.40,4185,2007
15:08:03,150,1.70,3.76,4194,2003
15:08:04,151,1.92,4.20,4194,2003
15:08:05,152,1.68,2.52,4194,2003
15:08:06,153,0.97,3.90,4210,2002
15:08:07,154,1.55,3.58,4211,2001
15:08:08,155,1.58,2.06,4213,2001
15:08:09,156,1.42,3.92,4214,2000
15:08:10,157,3.14,2.90,4215,1998
15:08:12,158,1.19,1.78,4212,1998
15:08:13,159,0.60,1.94,4212,1998
15:08:14,160,0.95,1.79,4213,1998
15:08:15,161,0.59,1.67,4213,1998
15:08:16,162,0.71,1.43,4213,1998
15:08:17,163,0.60,1.68,4214,1998
15:08:18,164,0.59,2.01,4214,1998
15:08:19,165,0.82,2.12,4215,1998
15:08:20,166,0.47,2.03,4215,1997
15:08:21,167,1.19,1.79,4220,1994
15:08:22,168,1.32,4.32,4237,1975
15:08:23,169,0.72,2.28,4236,1975
15:08:24,170,0.60,3.14,4231,1974
15:08:25,171,0.72,1.56,4232,1974
15:08:26,172,0.60,2.41,4232,1975
15:08:27,173,0.59,1.55,4233,1975
15:08:28,174,1.79,3.34,4234,1970
15:08:29,175,1.67,3.34,4235,1970
15:08:30,176,0.48,1.57,4236,1970
15:08:31,177,0.48,1.44,4246,1970
15:08:32,178,0.60,1.20,4246,1970
15:08:34,179,0.59,2.01,4245,1970
15:08:35,180,1.53,1.77,4243,1970
15:08:36,181,2.76,3.00,4250,1967
15:08:37,182,1.34,1.59,4255,1965
15:08:38,183,0.83,1.89,4255,1965
15:08:39,184,1.08,2.28,4256,1964
15:08:40,185,0.48,1.81,4256,1964
15:08:41,186,0.71,1.78,4256,1964
15:08:42,187,0.60,2.04,4257,1963
15:08:43,188,1.31,2.02,4257,1963
15:08:44,189,0.23,2.27,4266,1963
15:08:45,190,0.59,1.77,4270,1963
15:08:46,191,3.78,3.90,4253,1966
15:08:47,192,2.05,3.37,4271,1958
15:08:48,193,1.19,2.62,4264,1957
15:08:49,194,0.98,2.20,4262,1957
15:08:50,195,0.96,2.04,4264,1957
15:08:51,196,0.95,1.90,4278,1957
15:08:52,197,0.71,1.55,4278,1957
15:08:53,198,0.84,1.44,4279,1956
15:08:54,199,0.83,2.86,4271,1961
15:08:56,200,0.82,1.77,4271,1961
15:08:57,201,0.59,2.61,4273,1958
15:08:58,202,0.58,2.00,4277,1958
15:08:59,203,1.08,1.81,4276,1957
15:09:00,204,0.83,1.90,4276,1957
15:09:01,205,1.07,2.38,4276,1957
15:09:02,206,1.20,2.40,4269,1957
15:09:03,207,1.93,3.87,4289,1918
15:09:04,208,0.59,2.36,4289,1918
15:09:05,209,0.58,1.64,4286,1918
15:09:06,210,0.47,2.13,4285,1921
15:09:07,211,0.70,1.53,4288,1925
15:09:08,212,0.83,1.54,4288,1925
15:09:09,213,5.57,5.45,4291,1940
15:09:10,214,1.71,2.44,4296,1938
15:09:11,215,0.95,2.02,4299,1938
15:09:12,216,0.96,1.80,4297,1938
15:09:13,217,0.47,1.19,4297,1938
15:09:14,218,0.24,1.68,4297,1938
15:09:15,219,0.23,1.42,4297,1938
15:09:17,220,1.07,2.38,4290,1938
15:09:18,221,0.82,2.35,4296,1938
15:09:19,222,1.05,2.11,4296,1938
15:09:20,223,1.08,1.57,4291,1937
15:09:21,224,0.48,1.32,4291,1937
15:09:22,225,0.47,1.54,4291,1937
15:09:23,226,0.36,1.44,4292,1937
15:09:24,227,0.47,3.22,4275,1958
15:09:25,228,0.47,1.41,4273,1958
15:09:26,229,0.47,1.67,4273,1958
15:09:27,230,0.35,2.02,4268,1963
15:09:28,231,0.95,1.79,4268,1963
15:09:29,232,0.47,1.90,4268,1963
15:09:30,233,0.59,1.55,4269,1963
15:09:31,234,0.35,2.15,4264,1963
15:09:32,235,0.97,1.46,4264,1963
15:09:33,236,0.59,2.00,4265,1963
15:09:34,237,0.60,1.93,4260,1963
15:09:35,238,0.23,1.43,4261,1963
15:09:36,239,0.48,1.81,4259,1963
15:09:38,240,0.60,1.81,4259,1962
15:09:39,241,1.55,1.43,4260,1962
15:09:40,242,0.35,2.26,4261,1962
15:09:41,243,9.91,10.39,4320,1909
15:09:42,244,1.92,2.04,4323,1909
15:09:43,245,1.90,2.13,4325,1909
15:09:44,246,2.01,2.36,4328,1909
15:09:45,247,1.43,2.63,4330,1915
15:09:46,248,2.04,3.00,4337,1915
15:09:47,249,2.40,2.04,4347,1917
15:09:48,250,2.61,4.04,4327,1937
15:09:49,251,0.96,2.53,4316,1935
15:09:50,252,4.07,4.56,4298,1928
15:09:51,253,8.61,4.42,4341,1930
15:09:52,254,1.45,2.67,4318,1930
15:09:53,255,0.36,1.81,4318,1929
15:09:54,256,13.55,10.10,4379,1881
15:09:55,257,0.83,2.63,4383,1878
15:09:56,258,0.70,1.65,4384,1877
15:09:57,259,0.59,1.54,4386,1877
15:09:58,260,0.60,2.53,4400,1881
15:10:00,261,1.07,2.15,4392,1881
15:10:01,262,1.09,3.27,4378,1879
15:10:02,263,2.04,2.88,4382,1878
15:10:03,264,0.48,2.17,4382,1881
15:10:04,265,0.47,1.54,4381,1881
15:10:05,266,1.17,2.00,4386,1881
15:10:06,267,0.83,1.43,4386,1881
15:10:07,268,0.72,2.17,4387,1881
15:10:08,269,0.47,1.43,4387,1880
15:10:09,270,1.18,1.65,4387,1880
15:10:10,271,0.70,1.89,4385,1880
15:10:11,272,0.71,2.25,4387,1880
15:10:12,273,0.47,2.62,4394,1884
15:10:13,274,0.71,1.54,4392,1883
15:10:14,275,0.47,1.55,4393,1883
15:10:15,276,0.35,1.67,4400,1883
15:10:16,277,0.36,1.32,4400,1883
15:10:17,278,0.60,1.80,4397,1884
15:10:18,279,0.47,1.31,4397,1884
15:10:20,280,0.59,1.78,4398,1884
15:10:21,281,0.95,1.78,4400,1884
15:10:22,282,0.47,1.55,4401,1884
15:10:23,283,0.36,1.32,4402,1884
15:10:24,284,0.71,1.07,4401,1884
15:10:25,285,0.96,2.76,4386,1886
15:10:26,286,0.83,2.27,4387,1886
15:10:27,287,0.35,3.46,4378,1903
15:10:28,288,0.59,2.15,4368,1901
15:10:29,289,0.83,1.78,4368,1901
15:10:30,290,0.59,1.65,4369,1900
15:10:31,291,0.47,2.25,4369,1900
15:10:32,292,0.47,1.66,4376,1900
15:10:33,293,0.71,2.72,4376,1900
15:10:34,294,1.08,2.52,4375,1900
15:10:35,295,0.48,2.54,4372,1899
15:10:36,296,2.65,5.79,4373,1893
15:10:37,297,1.59,2.45,4379,1890
15:10:38,298,0.47,1.88,4380,1890
15:10:39,299,0.48,2.64,4383,1894
15:10:41,300,1.43,2.39,4383,1894
15:10:42,301,0.60,1.93,4385,1894
15:10:43,302,0.71,1.67,4386,1894
15:10:44,303,0.94,2.01,4388,1894
15:10:45,304,0.58,2.12,4393,1894
15:10:46,305,0.59,2.02,4393,1893
15:10:47,306,0.47,2.23,4393,1893
15:10:48,307,1.06,1.53,4390,1893
15:10:49,308,0.60,2.04,4389,1893
15:10:50,309,8.26,7.90,4467,1887
15:10:51,310,2.42,3.03,4471,1885
15:10:52,311,0.59,2.74,4480,1887
15:10:53,312,0.36,1.93,4482,1886
15:10:54,313,0.71,1.65,4484,1885
15:10:55,314,1.63,2.22,4488,1885
15:10:56,315,0.59,1.65,4490,1885
15:10:57,316,1.17,1.88,4494,1885
15:10:58,317,0.59,2.14,4493,1885
15:10:59,318,0.84,1.68,4495,1884
15:11:01,319,2.36,2.13,4482,1884
15:11:02,320,0.70,1.41,4485,1884
15:11:03,321,0.59,1.19,4486,1884
15:11:04,322,0.95,1.66,4480,1884
15:11:05,323,0.35,1.78,4481,1886
15:11:06,324,0.94,1.30,4480,1886
15:11:07,325,0.47,1.41,4483,1886
15:11:08,326,0.58,1.41,4482,1886
15:11:09,327,0.70,1.29,4482,1886
15:11:10,328,0.47,1.67,4482,1886
15:11:11,329,0.35,1.43,4482,1886
15:11:12,330,0.47,2.11,4481,1886
15:11:13,331,0.70,1.29,4482,1886
15:11:14,332,0.59,1.29,4483,1886
15:11:15,333,0.23,2.51,4467,1900
15:11:16,334,0.96,1.20,4463,1900
15:11:17,335,0.48,1.32,4463,1900
15:11:18,336,0.83,1.90,4458,1900
15:11:20,337,1.20,2.40,4465,1888
15:11:21,338,1.07,2.26,4466,1888
15:11:22,339,0.11,1.91,4469,1888
15:11:23,340,1.19,1.19,4470,1888
15:11:24,341,1.21,2.30,4457,1888
15:11:25,342,0.47,1.77,4459,1893
15:11:26,343,0.59,1.91,4457,1893
15:11:27,344,0.71,1.67,4460,1893
15:11:28,345,0.47,1.76,4459,1893
15:11:29,346,0.82,1.41,4459,1893
15:11:30,347,0.47,1.54,4459,1893
15:11:31,348,0.59,1.77,4459,1893
15:11:32,349,0.47,1.43,4460,1893
15:11:33,350,0.70,1.18,4460,1893
15:11:34,351,0.35,1.65,4461,1893
15:11:35,352,0.47,1.55,4453,1893
15:11:36,353,4.58,3.98,4466,1891
15:11:37,354,0.59,1.89,4467,1891
15:11:38,355,0.47,2.15,4476,1893
15:11:40,356,0.48,1.68,4476,1893
15:11:41,357,0.23,1.19,4476,1893
15:11:42,358,0.70,1.29,4477,1893
15:11:43,359,0.58,1.52,4477,1893
15:11:44,360,0.72,1.08,4480,1893
15:11:45,361,0.35,2.02,4481,1897
15:11:46,362,0.71,1.78,4481,1897
15:11:47,363,0.24,1.33,4481,1897
15:11:48,364,0.47,1.43,4480,1897
15:11:49,365,0.71,1.90,4475,1897
15:11:50,366,1.31,2.39,4475,1897
15:11:51,367,0.95,2.27,4488,1896
15:11:52,368,0.60,1.68,4490,1896
15:11:53,369,0.35,1.31,4490,1896
15:11:54,370,0.47,1.43,4490,1896
15:11:55,371,0.83,1.66,4490,1896
15:11:56,372,0.48,1.08,4490,1896
15:11:57,373,0.60,1.44,4491,1896
15:11:58,374,0.59,1.66,4487,1896
15:11:59,375,1.07,1.66,4478,1896
15:12:01,376,0.60,1.20,4479,1895
15:12:02,377,0.71,1.55,4480,1895
15:12:03,378,0.70,1.64,4481,1895
15:12:04,379,0.23,1.19,4488,1895
15:12:05,380,0.36,2.40,4487,1899
15:12:06,381,0.23,1.43,4487,1899
15:12:07,382,0.35,1.19,4486,1899
15:12:08,383,0.47,1.31,4487,1899
15:12:09,384,0.58,1.52,4487,1899
15:12:10,385,0.95,1.66,4488,1899
15:12:11,386,0.72,1.32,4488,1899
15:12:12,387,0.59,1.91,4487,1899
15:12:13,388,0.47,1.64,4486,1899
15:12:14,389,0.47,1.07,4487,1899
15:12:15,390,0.35,1.07,4487,1899
15:12:16,391,0.35,2.61,4476,1913
15:12:17,392,0.71,1.43,4477,1913
15:12:18,393,0.59,1.55,4476,1913
15:12:19,394,0.59,2.74,4469,1909
15:12:20,395,0.36,2.30,4470,1909
15:12:22,396,0.95,1.31,4471,1909
15:12:23,397,0.71,1.19,4471,1909
15:12:24,398,0.70,1.52,4472,1909
15:12:25,399,0.35,1.31,4472,1909
15:12:26,400,0.35,1.66,4473,1909
15:12:27,401,0.24,2.64,4464,1924
15:12:28,402,0.47,1.31,4464,1924
15:12:29,403,0.72,1.32,4465,1924
15:12:30,404,0.82,1.64,4465,1924
15:12:31,405,0.71,1.67,4466,1924
15:12:32,406,0.35,1.77,4460,1924
15:12:33,407,0.35,1.30,4460,1924
15:12:34,408,0.24,1.20,4460,1924
15:12:35,409,0.59,1.42,4461,1924
15:12:36,410,0.83,1.19,4461,1924
15:12:37,411,0.35,1.64,4461,1924
15:12:38,412,3.48,4.68,4496,1876
15:12:39,413,1.18,2.36,4495,1876
15:12:41,414,0.71,1.42,4495,1876
15:12:42,415,0.47,1.43,4496,1876
15:12:43,416,0.35,1.31,4496,1876
15:12:44,417,0.23,1.31,4496,1876
15:12:45,418,0.60,1.68,4491,1876
15:12:46,419,2.03,2.98,4501,1875
15:12:47,420,0.47,1.90,4503,1875
15:12:48,421,0.47,1.54,4503,1875
15:12:49,422,0.36,1.32,4505,1875
15:12:50,423,0.71,1.31,4507,1875
15:12:51,424,1.55,1.91,4511,1875
15:12:52,425,0.47,1.53,4516,1875
15:12:53,426,0.36,0.96,4516,1875
15:12:54,427,0.35,1.65,4516,1875
15:12:55,428,0.70,1.76,4515,1876
15:12:56,429,0.47,1.30,4515,1876
15:12:57,430,0.82,1.29,4515,1876
15:12:58,431,0.47,1.66,4505,1878
15:12:59,432,0.59,2.03,4506,1878
15:13:00,433,0.95,1.55,4507,1878
15:13:02,434,0.12,1.32,4507,1878
15:13:03,435,0.70,1.29,4507,1878
15:13:04,436,0.59,0.95,4507,1878
15:13:05,437,0.59,1.67,4507,1878
15:13:06,438,0.59,1.18,4507,1878
15:13:07,439,0.47,1.19,4507,1878
15:13:08,440,0.36,1.32,4502,1878
15:13:09,441,0.35,1.67,4503,1878
15:13:10,442,0.71,1.91,4503,1878
15:13:11,443,1.19,2.15,4506,1876
15:13:12,444,0.59,2.50,4514,1875
15:13:13,445,0.82,1.88,4516,1875
15:13:14,446,0.71,1.18,4517,1875
15:13:15,447,0.47,1.78,4514,1875
15:13:16,448,0.47,1.19,4515,1875
15:13:17,449,5.46,8.62,4503,1799
15:13:18,450,1.08,3.98,4508,1803
15:13:19,451,0.35,1.64,4508,1803
15:13:21,452,0.58,1.53,4509,1803
15:13:22,453,0.71,2.25,4509,1803
15:13:23,454,4.89,3.34,4495,1798
15:13:24,455,2.39,3.95,4495,1796
15:13:25,456,0.71,3.71,4492,1815
15:13:26,457,2.39,2.63,4501,1810
15:13:27,458,4.28,4.65,4506,1809
15:13:28,459,0.36,1.69,4507,1809
15:13:29,460,1.19,1.66,4514,1804
15:13:30,461,2.88,3.00,4530,1801
15:13:31,462,9.41,9.41,4551,1780
15:13:32,463,0.71,2.97,4550,1780
15:13:33,464,0.83,1.31,4550,1780
15:13:34,465,0.47,1.55,4550,1780
15:13:35,466,1.80,1.56,4557,1779
15:13:36,467,0.59,2.13,4558,1779
15:13:37,468,0.48,1.20,4559,1779
15:13:38,469,4.68,5.16,4598,1782
15:13:39,470,1.67,2.15,4602,1782
15:13:40,471,1.56,3.00,4603,1782
15:13:42,472,12.18,9.19,4675,1778
15:13:43,473,6.21,6.71,4604,1775
15:13:44,474,1.07,1.79,4592,1775
15:13:45,475,0.60,1.20,4594,1775
15:13:46,476,0.48,2.04,4594,1775
15:13:47,477,0.48,2.66,4605,1783
15:13:48,478,0.24,0.98,4605,1783
15:13:49,479,0.48,1.08,4605,1783
15:13:50,480,0.24,1.20,4604,1783
15:13:51,481,1.08,1.44,4605,1783
15:13:52,482,6.51,3.98,4614,1782
15:13:53,483,1.09,1.82,4606,1782
15:13:54,484,0.60,1.20,4607,1782
15:13:55,485,1.45,1.57,4613,1782
15:13:56,486,0.72,2.40,4608,1795
15:13:57,487,0.60,1.08,4608,1795
15:13:58,488,0.48,1.44,4608,1796
15:13:59,489,0.72,1.56,4607,1796
15:14:00,490,1.08,1.57,4607,1796
15:14:01,491,1.91,1.79,4613,1796
15:14:02,492,0.84,1.44,4616,1796
15:14:03,493,0.48,1.08,4618,1796
15:14:04,494,1.69,2.79,4624,1795
15:14:05,495,0.36,1.56,4626,1795
15:14:07,496,0.24,1.44,4628,1795
15:14:08,497,0.36,2.77,4620,1825
15:14:09,498,0.36,1.20,4620,1825
15:14:10,499,0.48,0.96,4620,1825
15:14:11,500,0.84,2.54,4597,1823
15:14:12,501,0.48,1.45,4606,1824
15:14:13,502,0.12,1.08,4606,1824
15:14:14,503,0.72,1.08,4604,1824
15:14:15,504,0.60,1.20,4604,1824
15:14:16,505,0.48,1.33,4604,1823
15:14:17,506,0.24,0.96,4604,1823
15:14:18,507,0.36,1.56,4604,1823
15:14:19,508,0.71,1.30,4605,1823
15:14:20,509,1.93,4.58,4589,1824
15:14:21,510,2.08,4.29,4594,1819
15:14:22,511,0.60,1.32,4595,1819
15:14:23,512,0.70,1.88,4594,1819
15:14:24,513,0.47,1.31,4594,1819
15:14:25,514,1.30,2.14,4595,1819
15:14:26,515,0.84,1.20,4596,1819
15:14:27,516,0.59,1.41,4597,1819
15:14:28,517,3.06,3.54,4587,1782
15:14:29,518,7.35,9.89,4625,1779
15:14:30,519,1.32,5.52,4627,1779
15:14:32,520,12.87,14.54,4726,1739
15:14:33,521,5.97,14.02,4789,1736
15:14:34,522,9.15,8.91,4834,1729
15:14:35,523,4.95,2.10,4832,1728
15:14:36,524,0.96,2.06,4846,1728
15:14:37,525,1.69,2.54,4825,1728
15:14:38,526,1.21,2.55,4833,1728
15:14:39,527,3.40,3.52,4857,1733
15:14:40,528,9.03,5.37,4910,1732
15:14:41,529,9.38,6.75,4933,1729
15:14:42,530,0.61,2.20,4946,1729
15:14:43,531,5.71,4.25,5006,1729
15:14:44,532,0.96,1.93,5009,1729
15:14:45,533,1.09,2.42,5006,1729
15:14:46,534,7.66,10.61,4989,1721
15:14:47,535,1.55,6.08,5000,1721
15:14:48,536,0.60,1.81,5000,1721
15:14:49,537,2.21,2.21,5000,1733
15:14:50,538,9.40,5.30,4906,1694
15:14:51,539,6.56,5.83,4922,1696
15:14:52,540,1.09,1.45,4925,1696
15:14:53,541,0.36,1.93,4936,1696
15:14:54,542,0.83,2.15,4935,1696
15:14:55,543,0.48,1.70,4940,1696
15:14:56,544,0.85,2.18,4938,1697
15:14:57,545,0.24,1.32,4939,1697
15:14:59,546,0.72,1.57,4942,1700
15:15:00,547,0.59,1.79,4945,1700
15:15:01,548,1.08,1.08,4946,1700
15:15:02,549,0.84,1.80,4945,1700
15:15:03,550,0.60,1.69,4946,1700
15:15:04,551,0.47,1.07,4947,1700
15:15:05,552,0.35,1.43,4947,1700
15:15:06,553,0.47,1.67,4943,1700
15:15:07,554,0.84,1.56,4937,1700
15:15:08,555,0.47,1.53,4939,1700
15:15:09,556,0.35,2.02,4944,1702
15:15:10,557,0.48,3.03,4906,1739
15:15:11,558,0.47,1.77,4905,1739
15:15:12,559,0.47,2.03,4900,1744
15:15:13,560,0.47,1.43,4887,1744
15:15:14,561,0.71,1.43,4888,1744
15:15:15,562,0.70,1.18,4890,1744
15:15:16,563,0.71,2.96,4876,1757
15:15:17,564,0.35,1.66,4876,1757
15:15:18,565,0.95,3.35,4873,1750
15:15:19,566,1.07,1.79,4874,1749
15:15:21,567,0.60,2.06,4881,1749
15:15:22,568,0.60,3.28,4870,1768
15:15:23,569,0.47,1.54,4870,1768
15:15:24,570,0.72,1.68,4867,1768
15:15:25,571,1.07,1.79,4867,1768
15:15:26,572,0.47,1.55,4867,1768
15:15:27,573,0.59,2.38,4870,1768
15:15:28,574,0.83,2.03,4867,1767
15:15:29,575,1.07,3.33,4859,1753
15:15:30,576,0.60,1.82,4859,1741
15:15:31,577,0.35,1.54,4860,1741
15:15:32,578,0.71,2.97,4834,1766
15:15:33,579,0.72,1.80,4835,1766
15:15:34,580,0.36,1.68,4833,1766
15:15:35,581,0.36,1.32,4835,1766
15:15:36,582,0.47,2.48,4828,1777
15:15:37,583,0.35,1.41,4829,1777
15:15:38,584,0.59,1.30,4829,1777
15:15:39,585,0.35,1.19,4829,1777
15:15:40,586,1.20,1.81,4831,1777
15:15:42,587,0.47,1.91,4837,1779
15:15:43,588,0.23,1.55,4836,1779
15:15:44,589,0.35,1.90,4826,1779
15:15:45,590,0.48,1.32,4827,1779
15:15:46,591,0.47,1.42,4827,1779
15:15:47,592,0.47,1.67,4836,1779
15:15:48,593,2.14,3.21,4840,1769
15:15:49,594,0.84,1.94,4837,1769
15:15:50,595,0.83,1.77,4838,1769
15:15:51,596,2.14,3.44,4834,1768
15:15:52,597,0.47,1.43,4835,1768
15:15:53,598,0.59,1.78,4835,1768
15:15:54,599,0.71,2.02,4840,1769
15:15:55,600,0.59,1.54,4845,1769
